{
  "custom": {},
  "params": {},
  "props": {
    "defaultSize": {
      "height": 707
    }
  },
  "root": {
    "children": [
      {
        "children": [
          {
            "meta": {
              "name": "Markdown"
            },
            "position": {
              "basis": "786px",
              "grow": 1
            },
            "props": {
              "markdown": {
                "escapeHtml": false
              },
              "source": "\u003cmarquee behavior\u003d\"alternate\" scrollamount\u003d\"12\" style\u003d\"color: white; font-weight: bold; font-size: 24px;\"\u003e\nDesigned by Athavan\n\u003c/marquee\u003e",
              "style": {
                "alignItems": "center"
              }
            },
            "type": "ia.display.markdown"
          }
        ],
        "meta": {
          "name": "Header"
        },
        "position": {
          "basis": "50px",
          "shrink": 0
        },
        "props": {
          "alignItems": "center",
          "justify": "center",
          "style": {
            "backgroundColor": "#555555",
            "overflow": "hidden"
          }
        },
        "type": "ia.container.flex"
      },
      {
        "children": [
          {
            "children": [
              {
                "meta": {
                  "name": "satgeno"
                },
                "position": {
                  "basis": "40px",
                  "grow": 1
                },
                "props": {
                  "style": {
                    "color": "#FFFFFF",
                    "fontSize": 25,
                    "height": "100px"
                  },
                  "text": "1",
                  "textStyle": {
                    "alignContent": "center",
                    "alignItems": "center",
                    "textAlign": "center"
                  }
                },
                "type": "ia.display.label"
              },
              {
                "meta": {
                  "name": "Label_0"
                },
                "position": {
                  "basis": "43px"
                },
                "props": {
                  "style": {
                    "backgroundColor": "#55555575",
                    "color": "#FFFFFF",
                    "height": "50px",
                    "key": "value",
                    "key_1": "value",
                    "marginBottom": "30px",
                    "textAlign": "center"
                  },
                  "text": "Stage 1",
                  "textStyle": {
                    "margin": "20px",
                    "marginBottom": "20px",
                    "textAlign": "center"
                  }
                },
                "type": "ia.display.label"
              }
            ],
            "meta": {
              "name": "stage-1"
            },
            "position": {
              "basis": "133px",
              "grow": 1
            },
            "propConfig": {
              "props.style.backgroundColor": {
                "binding": {
                  "config": {
                    "expression": "if(isGood({[default]stage-1/EMERGENCY}) \u0026\u0026 {[default]stage-1/EMERGENCY}, \"#FF3333\", \r\n    if(isGood({[default]stage-1/QUALITY}) \u0026\u0026 {[default]stage-1/QUALITY}, \"#E040FB\", \r\n        if(isGood({[default]stage-1/MAINTENANCE}) \u0026\u0026 {[default]stage-1/MAINTENANCE}, \"#FF8C00\", \r\n            if(isGood({[default]stage-1/WORKCOM}), \r\n                if({[default]stage-1/WORKCOM}, \"#00FF00\", \"#FF0000\"), \r\n                \"#808080\"\r\n            )\r\n        )\r\n    )\r\n)"
                  },
                  "type": "expr"
                }
              }
            },
            "props": {
              "direction": "column",
              "justify": "center",
              "style": {
                "alignItems": "flex-start",
                "borderLeft": "1px solid #000000",
                "borderRight": "1px solid #000000",
                "borderStyle": "none",
                "height": "280px",
                "marginRight": "1px"
              },
              "wrap": "wrap"
            },
            "type": "ia.container.flex"
          },
          {
            "children": [
              {
                "meta": {
                  "name": "satgeno"
                },
                "position": {
                  "basis": "40px",
                  "grow": 1
                },
                "props": {
                  "style": {
                    "color": "#FFFFFF",
                    "fontSize": 25,
                    "height": "100px"
                  },
                  "text": 2,
                  "textStyle": {
                    "alignContent": "center",
                    "alignItems": "center",
                    "textAlign": "center"
                  }
                },
                "type": "ia.display.label"
              },
              {
                "meta": {
                  "name": "Label_0"
                },
                "position": {
                  "basis": "43px"
                },
                "props": {
                  "style": {
                    "backgroundColor": "#55555575",
                    "color": "#FFFFFF",
                    "height": "50px",
                    "key": "value",
                    "key_1": "value",
                    "marginBottom": "30px",
                    "textAlign": "center"
                  },
                  "text": "Stage 2",
                  "textStyle": {
                    "margin": "20px",
                    "marginBottom": "20px",
                    "textAlign": "center"
                  }
                },
                "type": "ia.display.label"
              }
            ],
            "meta": {
              "name": "stage-2"
            },
            "position": {
              "basis": "133px",
              "grow": 1
            },
            "propConfig": {
              "props.style.backgroundColor": {
                "binding": {
                  "config": {
                    "expression": "if(isGood({[default]stage-2/WORKCOM}), \r\n   if({[default]stage-2/WORKCOM}, \"#00FF00\", \"#FF0000\"), \r\n   \"#808080\"\r\n   \r\n)"
                  },
                  "type": "expr"
                }
              }
            },
            "props": {
              "direction": "column",
              "justify": "center",
              "style": {
                "alignItems": "flex-start",
                "borderLeft": "1px solid #000000",
                "borderRight": "1px solid #000000",
                "borderStyle": "none",
                "height": "280px",
                "marginRight": "0.5px"
              },
              "wrap": "wrap"
            },
            "type": "ia.container.flex"
          },
          {
            "children": [
              {
                "meta": {
                  "name": "satgeno"
                },
                "position": {
                  "basis": "40px",
                  "grow": 1
                },
                "props": {
                  "style": {
                    "color": "#FFFFFF",
                    "fontSize": 25,
                    "height": "100px"
                  },
                  "text": 3,
                  "textStyle": {
                    "alignContent": "center",
                    "alignItems": "center",
                    "textAlign": "center"
                  }
                },
                "type": "ia.display.label"
              },
              {
                "meta": {
                  "name": "Label_0"
                },
                "position": {
                  "basis": "43px"
                },
                "props": {
                  "style": {
                    "backgroundColor": "#55555575",
                    "color": "#FFFFFF",
                    "height": "50px",
                    "key": "value",
                    "key_1": "value",
                    "marginBottom": "30px",
                    "textAlign": "center"
                  },
                  "text": "Stage 3",
                  "textStyle": {
                    "margin": "20px",
                    "marginBottom": "20px",
                    "textAlign": "center"
                  }
                },
                "type": "ia.display.label"
              }
            ],
            "meta": {
              "name": "stage-3"
            },
            "position": {
              "basis": "133px",
              "grow": 1
            },
            "propConfig": {
              "props.style.backgroundColor": {
                "binding": {
                  "config": {
                    "expression": "if(isGood({[default]stage-3/WORKCOM}), if({[default]stage-3/WORKCOM}, \"#00FF00\", \"#FF0000\"), \"#808080\")"
                  },
                  "type": "expr"
                }
              }
            },
            "props": {
              "direction": "column",
              "justify": "center",
              "style": {
                "alignItems": "flex-start",
                "borderLeft": "1px solid #000000",
                "borderRight": "1px solid #000000",
                "borderStyle": "none",
                "height": "280px",
                "marginRight": "1px"
              },
              "wrap": "wrap"
            },
            "type": "ia.container.flex"
          },
          {
            "children": [
              {
                "meta": {
                  "name": "satgeno"
                },
                "position": {
                  "basis": "40px",
                  "grow": 1
                },
                "props": {
                  "style": {
                    "color": "#FFFFFF",
                    "fontSize": 25,
                    "height": "100px"
                  },
                  "text": 4,
                  "textStyle": {
                    "alignContent": "center",
                    "alignItems": "center",
                    "textAlign": "center"
                  }
                },
                "type": "ia.display.label"
              },
              {
                "meta": {
                  "name": "Label_0"
                },
                "position": {
                  "basis": "43px"
                },
                "props": {
                  "style": {
                    "backgroundColor": "#55555575",
                    "color": "#FFFFFF",
                    "height": "50px",
                    "key": "value",
                    "key_1": "value",
                    "marginBottom": "30px",
                    "textAlign": "center"
                  },
                  "text": "Stage 4",
                  "textStyle": {
                    "margin": "20px",
                    "marginBottom": "20px",
                    "textAlign": "center"
                  }
                },
                "type": "ia.display.label"
              }
            ],
            "meta": {
              "name": "stage-4"
            },
            "position": {
              "basis": "133px",
              "grow": 1
            },
            "propConfig": {
              "props.style.backgroundColor": {
                "binding": {
                  "config": {
                    "expression": "if(isGood({[default]stage-4/WORKCOM}), if({[default]stage-4/WORKCOM}, \"#00FF00\", \"#FF0000\"), \"#808080\")"
                  },
                  "type": "expr"
                }
              }
            },
            "props": {
              "direction": "column",
              "justify": "center",
              "style": {
                "alignItems": "flex-start",
                "borderLeft": "1px solid #000000",
                "borderRight": "1px solid #000000",
                "borderStyle": "none",
                "height": "280px",
                "marginRight": "1px"
              },
              "wrap": "wrap"
            },
            "type": "ia.container.flex"
          },
          {
            "children": [
              {
                "meta": {
                  "name": "satgeno"
                },
                "position": {
                  "basis": "40px",
                  "grow": 1
                },
                "props": {
                  "style": {
                    "color": "#FFFFFF",
                    "fontSize": 25,
                    "height": "100px"
                  },
                  "text": 5,
                  "textStyle": {
                    "alignContent": "center",
                    "alignItems": "center",
                    "textAlign": "center"
                  }
                },
                "type": "ia.display.label"
              },
              {
                "meta": {
                  "name": "Label_0"
                },
                "position": {
                  "basis": "43px"
                },
                "props": {
                  "style": {
                    "backgroundColor": "#55555575",
                    "color": "#FFFFFF",
                    "height": "50px",
                    "key": "value",
                    "key_1": "value",
                    "marginBottom": "30px",
                    "textAlign": "center"
                  },
                  "text": "Stage 5",
                  "textStyle": {
                    "margin": "20px",
                    "marginBottom": "20px",
                    "textAlign": "center"
                  }
                },
                "type": "ia.display.label"
              }
            ],
            "meta": {
              "name": "stage-5"
            },
            "position": {
              "basis": "133px",
              "grow": 1
            },
            "propConfig": {
              "props.style.backgroundColor": {
                "binding": {
                  "config": {
                    "expression": "if(isGood({[default]stage-5/WORKCOM}), if({[default]stage-5/WORKCOM}, \"#00FF00\", \"#FF0000\"), \"#808080\")"
                  },
                  "type": "expr"
                }
              }
            },
            "props": {
              "direction": "column",
              "justify": "center",
              "style": {
                "alignItems": "flex-start",
                "borderLeft": "1px solid #000000",
                "borderRight": "1px solid #000000",
                "borderStyle": "none",
                "height": "280px",
                "marginRight": "1px"
              },
              "wrap": "wrap"
            },
            "type": "ia.container.flex"
          },
          {
            "children": [
              {
                "meta": {
                  "name": "satgeno"
                },
                "position": {
                  "basis": "40px",
                  "grow": 1
                },
                "props": {
                  "style": {
                    "color": "#FFFFFF",
                    "fontSize": 25,
                    "height": "100px"
                  },
                  "text": 6,
                  "textStyle": {
                    "alignContent": "center",
                    "alignItems": "center",
                    "textAlign": "center"
                  }
                },
                "type": "ia.display.label"
              },
              {
                "meta": {
                  "name": "Label_0"
                },
                "position": {
                  "basis": "43px"
                },
                "props": {
                  "style": {
                    "backgroundColor": "#55555575",
                    "color": "#FFFFFF",
                    "height": "50px",
                    "key": "value",
                    "key_1": "value",
                    "marginBottom": "30px",
                    "textAlign": "center"
                  },
                  "text": "Stage 6",
                  "textStyle": {
                    "margin": "20px",
                    "marginBottom": "20px",
                    "textAlign": "center"
                  }
                },
                "type": "ia.display.label"
              }
            ],
            "meta": {
              "name": "stage-6"
            },
            "position": {
              "basis": "133px",
              "grow": 1
            },
            "propConfig": {
              "props.style.backgroundColor": {
                "binding": {
                  "config": {
                    "expression": "if(isGood({[default]stage-6/WORKCOM}), if({[default]stage-6/WORKCOM}, \"#00FF00\", \"#FF0000\"), \"#808080\")"
                  },
                  "type": "expr"
                }
              }
            },
            "props": {
              "direction": "column",
              "justify": "center",
              "style": {
                "alignItems": "flex-start",
                "borderLeft": "1px solid #000000",
                "borderRight": "1px solid #000000",
                "borderStyle": "none",
                "height": "280px",
                "marginRight": "1px"
              },
              "wrap": "wrap"
            },
            "type": "ia.container.flex"
          },
          {
            "children": [
              {
                "meta": {
                  "name": "satgeno"
                },
                "position": {
                  "basis": "40px",
                  "grow": 1
                },
                "props": {
                  "style": {
                    "color": "#FFFFFF",
                    "fontSize": 25,
                    "height": "100px"
                  },
                  "text": 7,
                  "textStyle": {
                    "alignContent": "center",
                    "alignItems": "center",
                    "textAlign": "center"
                  }
                },
                "type": "ia.display.label"
              },
              {
                "meta": {
                  "name": "Label_0"
                },
                "position": {
                  "basis": "43px"
                },
                "props": {
                  "style": {
                    "backgroundColor": "#55555575",
                    "color": "#FFFFFF",
                    "height": "50px",
                    "key": "value",
                    "key_1": "value",
                    "marginBottom": "30px",
                    "textAlign": "center"
                  },
                  "text": "Stage 7",
                  "textStyle": {
                    "margin": "20px",
                    "marginBottom": "20px",
                    "textAlign": "center"
                  }
                },
                "type": "ia.display.label"
              }
            ],
            "meta": {
              "name": "stage-7"
            },
            "position": {
              "basis": "133px",
              "grow": 1
            },
            "propConfig": {
              "props.style.backgroundColor": {
                "binding": {
                  "config": {
                    "expression": "if(isGood({[default]stage-7/WORKCOM}), if({[default]stage-7/WORKCOM}, \"#00FF00\", \"#FF0000\"), \"#808080\")"
                  },
                  "type": "expr"
                }
              }
            },
            "props": {
              "direction": "column",
              "justify": "center",
              "style": {
                "alignItems": "flex-start",
                "borderLeft": "1px solid #000000",
                "borderRight": "1px solid #000000",
                "borderStyle": "none",
                "height": "280px",
                "marginRight": "1px"
              },
              "wrap": "wrap"
            },
            "type": "ia.container.flex"
          },
          {
            "children": [
              {
                "meta": {
                  "name": "satgeno"
                },
                "position": {
                  "basis": "40px",
                  "grow": 1
                },
                "props": {
                  "style": {
                    "color": "#FFFFFF",
                    "fontSize": 25,
                    "height": "100px"
                  },
                  "text": 8,
                  "textStyle": {
                    "alignContent": "center",
                    "alignItems": "center",
                    "textAlign": "center"
                  }
                },
                "type": "ia.display.label"
              },
              {
                "meta": {
                  "name": "Label_0"
                },
                "position": {
                  "basis": "43px"
                },
                "props": {
                  "style": {
                    "backgroundColor": "#55555575",
                    "color": "#FFFFFF",
                    "height": "50px",
                    "key": "value",
                    "key_1": "value",
                    "marginBottom": "30px",
                    "textAlign": "center"
                  },
                  "text": "Stage 8",
                  "textStyle": {
                    "margin": "20px",
                    "marginBottom": "20px",
                    "textAlign": "center"
                  }
                },
                "type": "ia.display.label"
              }
            ],
            "meta": {
              "name": "stage-8"
            },
            "position": {
              "basis": "133px",
              "grow": 1
            },
            "propConfig": {
              "props.style.backgroundColor": {
                "binding": {
                  "config": {
                    "expression": "if(isGood({[default]stage-8/WORKCOM}), if({[default]stage-8/WORKCOM}, \"#00FF00\", \"#FF0000\"), \"#808080\")"
                  },
                  "type": "expr"
                }
              }
            },
            "props": {
              "direction": "column",
              "justify": "center",
              "style": {
                "alignItems": "flex-start",
                "borderLeft": "1px solid #000000",
                "borderRight": "1px solid #000000",
                "borderStyle": "none",
                "height": "280px",
                "marginRight": "1px"
              },
              "wrap": "wrap"
            },
            "type": "ia.container.flex"
          }
        ],
        "meta": {
          "name": "Stages"
        },
        "position": {
          "basis": "281px"
        },
        "props": {
          "alignContent": "space-between",
          "style": {
            "backgroundColor": "#2B2B2B",
            "height": "auto"
          }
        },
        "type": "ia.container.flex"
      },
      {
        "children": [
          {
            "children": [
              {
                "meta": {
                  "name": "Label"
                },
                "position": {
                  "basis": "38px"
                },
                "props": {
                  "style": {
                    "borderBottomStyle": "solid",
                    "borderBottomWidth": "2px",
                    "borderColor": "#D5D5D5",
                    "color": "#FFFFFF",
                    "textAlign": "center"
                  },
                  "text": "TARGET"
                },
                "type": "ia.display.label"
              },
              {
                "meta": {
                  "name": "target_tag"
                },
                "position": {
                  "basis": "32px",
                  "grow": 1
                },
                "propConfig": {
                  "props.text": {
                    "binding": {
                      "config": {
                        "fallbackDelay": 2.5,
                        "mode": "direct",
                        "tagPath": "[default]_iqr_/Tags/Andon/target"
                      },
                      "type": "tag"
                    }
                  }
                },
                "props": {
                  "style": {
                    "color": "#FFFFFF",
                    "fontFamily": "monospace",
                    "fontSize": 30,
                    "textAlign": "center"
                  }
                },
                "type": "ia.display.label"
              }
            ],
            "meta": {
              "name": "target"
            },
            "position": {
              "basis": "160px",
              "grow": 1
            },
            "props": {
              "direction": "column",
              "style": {
                "backgroundColor": "#008000",
                "height": "150px",
                "marginLeft": "20px",
                "marginTop": "10px"
              }
            },
            "type": "ia.container.flex"
          },
          {
            "children": [
              {
                "meta": {
                  "name": "Label"
                },
                "position": {
                  "basis": "38px"
                },
                "props": {
                  "style": {
                    "borderBottomStyle": "solid",
                    "borderBottomWidth": "2px",
                    "borderColor": "#D5D5D5",
                    "color": "#FFFFFF",
                    "textAlign": "center"
                  },
                  "text": "ACTUAL"
                },
                "type": "ia.display.label"
              },
              {
                "meta": {
                  "name": "target_tag"
                },
                "position": {
                  "basis": "32px",
                  "grow": 1
                },
                "propConfig": {
                  "props.text": {
                    "binding": {
                      "config": {
                        "fallbackDelay": 2.5,
                        "mode": "direct",
                        "tagPath": "[default]_iqr_/Tags/Andon/actual"
                      },
                      "type": "tag"
                    }
                  }
                },
                "props": {
                  "style": {
                    "color": "#FFFFFF",
                    "fontFamily": "monospace",
                    "fontSize": 30,
                    "textAlign": "center"
                  }
                },
                "type": "ia.display.label"
              }
            ],
            "meta": {
              "name": "Actual"
            },
            "position": {
              "basis": "160px",
              "grow": 1
            },
            "props": {
              "direction": "column",
              "style": {
                "backgroundColor": "#C0C0C0",
                "height": "150px",
                "marginLeft": "20px",
                "marginTop": "10px"
              }
            },
            "type": "ia.container.flex"
          },
          {
            "children": [
              {
                "meta": {
                  "name": "Label"
                },
                "position": {
                  "basis": "38px"
                },
                "props": {
                  "style": {
                    "borderBottomStyle": "solid",
                    "borderBottomWidth": "2px",
                    "borderColor": "#D5D5D5",
                    "color": "#2B2B2B",
                    "textAlign": "center"
                  },
                  "text": "ROAL TARGET"
                },
                "type": "ia.display.label"
              },
              {
                "meta": {
                  "name": "target_tag"
                },
                "position": {
                  "basis": "32px",
                  "grow": 1
                },
                "propConfig": {
                  "props.text": {
                    "binding": {
                      "config": {
                        "expression": "{[default]_iqr_/Tags/actual} + 4"
                      },
                      "type": "expr"
                    }
                  }
                },
                "props": {
                  "style": {
                    "color": "#000000",
                    "fontFamily": "monospace",
                    "fontSize": 30,
                    "textAlign": "center"
                  }
                },
                "type": "ia.display.label"
              }
            ],
            "meta": {
              "name": "Roal Target"
            },
            "position": {
              "basis": "160px",
              "grow": 1
            },
            "props": {
              "direction": "column",
              "style": {
                "backgroundColor": "#FFC107",
                "height": "150px",
                "marginLeft": "20px",
                "marginTop": "10px"
              }
            },
            "type": "ia.container.flex"
          },
          {
            "children": [
              {
                "meta": {
                  "name": "Label"
                },
                "position": {
                  "basis": "38px"
                },
                "props": {
                  "style": {
                    "backgroundColor": "#FF970F",
                    "borderBottomStyle": "solid",
                    "borderBottomWidth": "2px",
                    "borderColor": "#D5D5D5",
                    "color": "#FFFFFF",
                    "textAlign": "center"
                  },
                  "text": "LOSS"
                },
                "type": "ia.display.label"
              },
              {
                "meta": {
                  "name": "target_tag"
                },
                "position": {
                  "basis": "32px",
                  "grow": 1
                },
                "propConfig": {
                  "props.text": {
                    "binding": {
                      "config": {
                        "expression": "({[default]_iqr_/Tags/actual} + 4)-{[default]_iqr_/Tags/actual}"
                      },
                      "type": "expr"
                    }
                  }
                },
                "props": {
                  "style": {
                    "backgroundColor": "#FF0000",
                    "color": "#FFFFFF",
                    "fontFamily": "monospace",
                    "fontSize": 30,
                    "textAlign": "center"
                  }
                },
                "type": "ia.display.label"
              }
            ],
            "meta": {
              "name": "Loss"
            },
            "position": {
              "basis": "160px",
              "grow": 1
            },
            "props": {
              "direction": "column",
              "style": {
                "backgroundColor": "#007100",
                "height": "150px",
                "marginLeft": "20px",
                "marginRight": "20px",
                "marginTop": "10px"
              }
            },
            "type": "ia.container.flex"
          }
        ],
        "meta": {
          "name": "production_details"
        },
        "position": {
          "basis": "185px"
        },
        "props": {
          "alignContent": "space-between",
          "justify": "space-between",
          "style": {
            "backgroundColor": "#22223B",
            "borderBottom": "solid",
            "borderBottomWidth": "2px",
            "borderTop": "solid",
            "borderTopWidth": "2px",
            "height": "auto",
            "key": "value"
          }
        },
        "type": "ia.container.flex"
      },
      {
        "children": [
          {
            "meta": {
              "name": "Allok"
            },
            "position": {
              "basis": "215px",
              "grow": 1
            },
            "props": {
              "style": {
                "backgroundColor": "#47FF47",
                "color": "#FFFFFF",
                "height": "40px",
                "marginLeft": "10px",
                "marginTop": "10px",
                "textAlign": "center"
              },
              "text": "ALL OK"
            },
            "type": "ia.display.label"
          },
          {
            "meta": {
              "name": "CONVEYOR STOP"
            },
            "position": {
              "basis": "215px",
              "grow": 1
            },
            "props": {
              "style": {
                "backgroundColor": "#FF0000",
                "color": "#FFFFFF",
                "height": "40px",
                "marginLeft": "10px",
                "marginTop": "10px",
                "textAlign": "center"
              },
              "text": "CONVEYOR STOP"
            },
            "type": "ia.display.label"
          },
          {
            "meta": {
              "name": "MAINTENANCE"
            },
            "position": {
              "basis": "215px",
              "grow": 1
            },
            "props": {
              "style": {
                "backgroundColor": "#8A8AFF",
                "color": "#FFFFFF",
                "height": "40px",
                "marginLeft": "10px",
                "marginTop": "10px",
                "textAlign": "center"
              },
              "text": "MAINTENANCE CALL"
            },
            "type": "ia.display.label"
          },
          {
            "meta": {
              "name": "QUALITY CALL"
            },
            "position": {
              "basis": "215px",
              "grow": 1
            },
            "props": {
              "style": {
                "backgroundColor": "#FF8AFF",
                "color": "#FFFFFF",
                "height": "40px",
                "marginLeft": "10px",
                "marginTop": "10px",
                "textAlign": "center"
              },
              "text": "QUALITY CALL"
            },
            "type": "ia.display.label"
          }
        ],
        "meta": {
          "name": "FlexContainer_1"
        },
        "position": {
          "basis": "57px"
        },
        "props": {
          "style": {
            "backgroundColor": "#2B2B2B"
          }
        },
        "type": "ia.container.flex"
      },
      {
        "children": [
          {
            "meta": {
              "name": "uptime"
            },
            "position": {
              "basis": "148px",
              "grow": 1
            },
            "props": {
              "style": {
                "backgroundColor": "#47FF47",
                "color": "#000000",
                "height": "50px",
                "marginLeft": "10px",
                "marginTop": "10px",
                "textAlign": "end"
              },
              "text": "UP TIME : "
            },
            "type": "ia.display.label"
          },
          {
            "meta": {
              "name": "uptime_tag"
            },
            "position": {
              "basis": "119px",
              "grow": 1
            },
            "propConfig": {
              "props.text": {
                "binding": {
                  "config": {
                    "expression": "numberFormat(floor({[default]_iqr_/Tags/Andon/uptime} / 3600), \"00\") \r\n+ \":\" + \r\n// Minutes\r\nnumberFormat(floor(({[default]_iqr_/Tags/Andon/uptime} % 3600) / 60), \"00\") \r\n+ \":\" + \r\n// Seconds\r\nnumberFormat({[default]_iqr_/Tags/Andon/uptime} % 60, \"00\")\r\n\r\n"
                  },
                  "type": "expr"
                }
              }
            },
            "props": {
              "style": {
                "backgroundColor": "#47FF47",
                "color": "#000000",
                "height": "50px",
                "marginTop": "10px",
                "textAlign": "start"
              }
            },
            "type": "ia.display.label"
          },
          {
            "meta": {
              "name": "downtime"
            },
            "position": {
              "basis": "148px",
              "grow": 1
            },
            "props": {
              "style": {
                "backgroundColor": "#FF0000",
                "color": "#000000",
                "height": "50px",
                "marginLeft": "10px",
                "marginTop": "10px",
                "textAlign": "end"
              },
              "text": "DOWN TIME :"
            },
            "type": "ia.display.label"
          },
          {
            "meta": {
              "name": "downtime_tag"
            },
            "position": {
              "basis": "119px",
              "grow": 1
            },
            "propConfig": {
              "props.text": {
                "binding": {
                  "config": {
                    "expression": "numberFormat(floor({[default]_iqr_/Tags/Andon/downtime} / 3600), \"00\") \r\n+ \":\" + \r\n// Minutes\r\nnumberFormat(floor(({[default]_iqr_/Tags/Andon/downtime} % 3600) / 60), \"00\") \r\n+ \":\" + \r\n// Seconds\r\nnumberFormat({[default]_iqr_/Tags/Andon/downtime} % 60, \"00\")"
                  },
                  "type": "expr"
                }
              }
            },
            "props": {
              "style": {
                "backgroundColor": "#FF0000",
                "color": "#000000",
                "height": "50px",
                "marginTop": "10px",
                "textAlign": "start"
              }
            },
            "type": "ia.display.label"
          }
        ],
        "meta": {
          "name": "Conveyor_status"
        },
        "position": {
          "basis": "75px"
        },
        "props": {
          "style": {
            "backgroundColor": "#22223B"
          }
        },
        "type": "ia.container.flex"
      },
      {
        "children": [
          {
            "meta": {
              "name": "MATERIAL CALL"
            },
            "position": {
              "basis": "215px"
            },
            "props": {
              "style": {
                "backgroundColor": "#C35F13",
                "color": "#FFFFFF",
                "height": "40px",
                "marginLeft": "10px",
                "marginTop": "10px",
                "shrink": 1,
                "textAlign": "center"
              },
              "text": "MATERIAL CALL"
            },
            "type": "ia.display.label"
          },
          {
            "meta": {
              "name": "CYCLE TIME"
            },
            "position": {
              "basis": "150px"
            },
            "props": {
              "style": {
                "backgroundColor": "#2B2B2B",
                "color": "#FFFFFF",
                "height": "40px",
                "marginLeft": "10px",
                "marginTop": "10px",
                "textAlign": "end"
              },
              "text": "CYCLE TIME :"
            },
            "type": "ia.display.label"
          },
          {
            "meta": {
              "name": "QUALITY CALL_1"
            },
            "position": {
              "basis": "215px",
              "grow": 1
            },
            "props": {
              "style": {
                "backgroundColor": "#2B2B2B",
                "color": "#FFFFFF",
                "height": "40px",
                "marginLeft": "10px",
                "marginTop": "10px",
                "textAlign": "start"
              },
              "text": "10:30 min"
            },
            "type": "ia.display.label"
          },
          {
            "meta": {
              "name": "EMPTY"
            },
            "position": {
              "basis": "215px",
              "grow": 1
            },
            "props": {
              "style": {
                "backgroundColor": "#2B2B2B",
                "color": "#FFFFFF",
                "height": "40px",
                "marginLeft": "10px",
                "marginTop": "10px",
                "textAlign": "center"
              }
            },
            "type": "ia.display.label"
          }
        ],
        "meta": {
          "name": "FlexContainer_2"
        },
        "position": {
          "basis": "60px"
        },
        "props": {
          "style": {
            "backgroundColor": "#22223B"
          }
        },
        "type": "ia.container.flex"
      }
    ],
    "meta": {
      "name": "root"
    },
    "props": {
      "direction": "column"
    },
    "type": "ia.container.flex"
  }
}